-- phpMyAdmin SQL Dump
-- version 4.8.0
-- https://www.phpmyadmin.net/
--
-- Host: 127.0.0.1
-- Generation Time: May 23, 2018 at 08:24 PM
-- Server version: 10.1.31-MariaDB
-- PHP Version: 7.2.4

SET SQL_MODE = "NO_AUTO_VALUE_ON_ZERO";
SET AUTOCOMMIT = 0;
START TRANSACTION;
SET time_zone = "+00:00";


/*!40101 SET @OLD_CHARACTER_SET_CLIENT=@@CHARACTER_SET_CLIENT */;
/*!40101 SET @OLD_CHARACTER_SET_RESULTS=@@CHARACTER_SET_RESULTS */;
/*!40101 SET @OLD_COLLATION_CONNECTION=@@COLLATION_CONNECTION */;
/*!40101 SET NAMES utf8mb4 */;

--
-- Database: `si_desa`
--

-- --------------------------------------------------------

--
-- Table structure for table `agama`
--

CREATE TABLE `agama` (
  `id` int(10) UNSIGNED NOT NULL,
  `nama` varchar(191) COLLATE utf8mb4_unicode_ci NOT NULL,
  `created_at` timestamp NULL DEFAULT NULL,
  `updated_at` timestamp NULL DEFAULT NULL
) ENGINE=InnoDB DEFAULT CHARSET=utf8mb4 COLLATE=utf8mb4_unicode_ci;

-- --------------------------------------------------------

--
-- Table structure for table `berita`
--

CREATE TABLE `berita` (
  `id` int(10) UNSIGNED NOT NULL,
  `nagari_id` int(10) UNSIGNED NOT NULL,
  `judul` varchar(191) COLLATE utf8mb4_unicode_ci NOT NULL,
  `tanggal_terbit` date NOT NULL,
  `isi` text COLLATE utf8mb4_unicode_ci NOT NULL,
  `foto` varchar(191) COLLATE utf8mb4_unicode_ci DEFAULT NULL,
  `created_at` timestamp NULL DEFAULT NULL,
  `updated_at` timestamp NULL DEFAULT NULL
) ENGINE=InnoDB DEFAULT CHARSET=utf8mb4 COLLATE=utf8mb4_unicode_ci;

-- --------------------------------------------------------

--
-- Table structure for table `hubungan_keluarga`
--

CREATE TABLE `hubungan_keluarga` (
  `id` int(10) UNSIGNED NOT NULL,
  `nama` varchar(191) COLLATE utf8mb4_unicode_ci NOT NULL,
  `created_at` timestamp NULL DEFAULT NULL,
  `updated_at` timestamp NULL DEFAULT NULL
) ENGINE=InnoDB DEFAULT CHARSET=utf8mb4 COLLATE=utf8mb4_unicode_ci;

-- --------------------------------------------------------

--
-- Table structure for table `jabatan`
--

CREATE TABLE `jabatan` (
  `id` int(10) UNSIGNED NOT NULL,
  `nama` varchar(191) COLLATE utf8mb4_unicode_ci NOT NULL,
  `created_at` timestamp NULL DEFAULT NULL,
  `updated_at` timestamp NULL DEFAULT NULL
) ENGINE=InnoDB DEFAULT CHARSET=utf8mb4 COLLATE=utf8mb4_unicode_ci;

-- --------------------------------------------------------

--
-- Table structure for table `jenjang_pendidikan`
--

CREATE TABLE `jenjang_pendidikan` (
  `id` int(10) UNSIGNED NOT NULL,
  `nama` varchar(191) COLLATE utf8mb4_unicode_ci NOT NULL,
  `created_at` timestamp NULL DEFAULT NULL,
  `updated_at` timestamp NULL DEFAULT NULL
) ENGINE=InnoDB DEFAULT CHARSET=utf8mb4 COLLATE=utf8mb4_unicode_ci;

-- --------------------------------------------------------

--
-- Table structure for table `jorong`
--

CREATE TABLE `jorong` (
  `id` int(10) UNSIGNED NOT NULL,
  `nagari_id` int(10) UNSIGNED NOT NULL,
  `nama` varchar(191) COLLATE utf8mb4_unicode_ci NOT NULL,
  `luas_wilayah` double DEFAULT NULL,
  `created_at` timestamp NULL DEFAULT NULL,
  `updated_at` timestamp NULL DEFAULT NULL
) ENGINE=InnoDB DEFAULT CHARSET=utf8mb4 COLLATE=utf8mb4_unicode_ci;

--
-- Dumping data for table `jorong`
--

INSERT INTO `jorong` (`id`, `nagari_id`, `nama`, `luas_wilayah`, `created_at`, `updated_at`) VALUES
(1, 1, 'Kampung Panyalai', 1.29, '2018-05-14 17:00:00', '2018-05-15 14:24:09'),
(2, 1, 'Kiambang', 1.19, '2018-05-15 12:54:05', '2018-05-15 12:54:05'),
(3, 2, 'Ringan-ringan', 2.4, '2018-05-15 13:32:47', '2018-05-15 13:32:47'),
(4, 2, 'Sarang Gagak', 1.7, '2018-05-15 13:33:05', '2018-05-15 13:33:05'),
(5, 2, 'Kampung Paneh', 1.8, '2018-05-15 13:33:29', '2018-05-15 13:33:29'),
(6, 2, 'Pasa Pakandangan', 3.1, '2018-05-15 13:33:47', '2018-05-15 13:33:47'),
(7, 2, 'Tanjung', 2.8, '2018-05-15 13:34:34', '2018-05-15 13:34:34'),
(8, 1, 'Padang Bukit', 2.54, '2018-05-15 13:42:49', '2018-05-15 13:42:49'),
(9, 1, 'Balai Satu', 0.91, '2018-05-15 13:43:13', '2018-05-15 13:43:13'),
(10, 1, 'Kampung Guci', 0.91, '2018-05-15 13:43:58', '2018-05-15 13:43:58');

-- --------------------------------------------------------

--
-- Table structure for table `kartu_keluarga`
--

CREATE TABLE `kartu_keluarga` (
  `id` int(10) UNSIGNED NOT NULL,
  `jorong_id` int(10) UNSIGNED NOT NULL,
  `no_kk` int(11) NOT NULL,
  `alamat` varchar(191) COLLATE utf8mb4_unicode_ci NOT NULL,
  `tanggal_kk` date DEFAULT NULL,
  `created_at` timestamp NULL DEFAULT NULL,
  `updated_at` timestamp NULL DEFAULT NULL
) ENGINE=InnoDB DEFAULT CHARSET=utf8mb4 COLLATE=utf8mb4_unicode_ci;

-- --------------------------------------------------------

--
-- Table structure for table `migrations`
--

CREATE TABLE `migrations` (
  `id` int(10) UNSIGNED NOT NULL,
  `migration` varchar(191) COLLATE utf8mb4_unicode_ci NOT NULL,
  `batch` int(11) NOT NULL
) ENGINE=InnoDB DEFAULT CHARSET=utf8mb4 COLLATE=utf8mb4_unicode_ci;

--
-- Dumping data for table `migrations`
--

INSERT INTO `migrations` (`id`, `migration`, `batch`) VALUES
(1, '2014_10_12_000000_create_users_table', 1),
(2, '2014_10_12_100000_create_password_resets_table', 1),
(3, '2018_04_26_054555_create_permission_tables', 1),
(4, '2018_05_01_140646_create_nagaris_table', 1),
(5, '2018_05_01_140702_create_jorongs_table', 1),
(6, '2018_05_01_140745_create_jabatans_table', 1),
(7, '2018_05_01_140756_create_pejabats_table', 1),
(8, '2018_05_01_140837_create_jenjang_pendidikans_table', 1),
(9, '2018_05_01_140903_create_pekerjaans_table', 1),
(10, '2018_05_01_140926_create_status_penduduks_table', 1),
(11, '2018_05_01_140941_create_status_perkawinans_table', 1),
(12, '2018_05_01_140952_create_hubungan_keluargas_table', 1),
(13, '2018_05_01_141001_create_agamas_table', 1),
(14, '2018_05_01_141354_create_kartu_keluargas_table', 1),
(15, '2018_05_01_141404_create_penduduks_table', 1),
(16, '2018_05_01_141516_create_pekerjaan_penduduks_table', 1),
(17, '2018_05_01_141524_create_pendidikan_penduduks_table', 1),
(18, '2018_05_05_212013_create_beritas_table', 1),
(19, '2018_05_05_212123_create_saranas_table', 1);

-- --------------------------------------------------------

--
-- Table structure for table `model_has_permissions`
--

CREATE TABLE `model_has_permissions` (
  `permission_id` int(10) UNSIGNED NOT NULL,
  `model_type` varchar(191) COLLATE utf8mb4_unicode_ci NOT NULL,
  `model_id` bigint(20) UNSIGNED NOT NULL
) ENGINE=InnoDB DEFAULT CHARSET=utf8mb4 COLLATE=utf8mb4_unicode_ci;

-- --------------------------------------------------------

--
-- Table structure for table `model_has_roles`
--

CREATE TABLE `model_has_roles` (
  `role_id` int(10) UNSIGNED NOT NULL,
  `model_type` varchar(191) COLLATE utf8mb4_unicode_ci NOT NULL,
  `model_id` bigint(20) UNSIGNED NOT NULL
) ENGINE=InnoDB DEFAULT CHARSET=utf8mb4 COLLATE=utf8mb4_unicode_ci;

--
-- Dumping data for table `model_has_roles`
--

INSERT INTO `model_has_roles` (`role_id`, `model_type`, `model_id`) VALUES
(1, 'App\\User', 2);

-- --------------------------------------------------------

--
-- Table structure for table `nagari`
--

CREATE TABLE `nagari` (
  `id` int(10) UNSIGNED NOT NULL,
  `nama` varchar(191) COLLATE utf8mb4_unicode_ci NOT NULL,
  `alamat_kantor` varchar(191) COLLATE utf8mb4_unicode_ci NOT NULL,
  `luas` double DEFAULT NULL,
  `sk_pendirian` varchar(191) COLLATE utf8mb4_unicode_ci DEFAULT NULL,
  `tanggal_sk` date DEFAULT NULL,
  `kecamatan` varchar(191) COLLATE utf8mb4_unicode_ci DEFAULT NULL,
  `kabupaten` varchar(191) COLLATE utf8mb4_unicode_ci DEFAULT NULL,
  `provinsi` varchar(191) COLLATE utf8mb4_unicode_ci DEFAULT NULL,
  `kodepos` varchar(191) COLLATE utf8mb4_unicode_ci DEFAULT NULL,
  `created_at` timestamp NULL DEFAULT NULL,
  `updated_at` timestamp NULL DEFAULT NULL
) ENGINE=InnoDB DEFAULT CHARSET=utf8mb4 COLLATE=utf8mb4_unicode_ci;

--
-- Dumping data for table `nagari`
--

INSERT INTO `nagari` (`id`, `nama`, `alamat_kantor`, `luas`, `sk_pendirian`, `tanggal_sk`, `kecamatan`, `kabupaten`, `provinsi`, `kodepos`, `created_at`, `updated_at`) VALUES
(1, 'Lubuk Pandan', 'Jl. Raya Padang-Bukittinggi', 684, 'SK01', '2018-05-08', '2x11 Anam Lingkuang', 'Padang Pariaman', 'Sumatera Barat', '25584', '2018-05-13 17:00:00', '2018-05-13 17:00:00'),
(2, 'Pakandangan', 'Jalan M. Syafei Pasar Nagari Pakandangan', 742, 'SK02', '2018-05-17', 'Enam Lingkung', 'Padang Pariaman', 'Sumatera Barat', '25574', '2018-05-13 17:00:00', '2018-05-13 17:00:00');

-- --------------------------------------------------------

--
-- Table structure for table `password_resets`
--

CREATE TABLE `password_resets` (
  `email` varchar(191) COLLATE utf8mb4_unicode_ci NOT NULL,
  `token` varchar(191) COLLATE utf8mb4_unicode_ci NOT NULL,
  `created_at` timestamp NULL DEFAULT NULL
) ENGINE=InnoDB DEFAULT CHARSET=utf8mb4 COLLATE=utf8mb4_unicode_ci;

-- --------------------------------------------------------

--
-- Table structure for table `pejabat`
--

CREATE TABLE `pejabat` (
  `id` int(10) UNSIGNED NOT NULL,
  `nagari_id` int(10) UNSIGNED NOT NULL,
  `jabatan_id` int(10) UNSIGNED NOT NULL,
  `nama` varchar(191) COLLATE utf8mb4_unicode_ci NOT NULL,
  `sk_no` varchar(191) COLLATE utf8mb4_unicode_ci DEFAULT NULL,
  `tanggal_sk` date DEFAULT NULL,
  `mulai_tanggal` date DEFAULT NULL,
  `sampai_tanggal` date DEFAULT NULL,
  `file_sk` varchar(191) COLLATE utf8mb4_unicode_ci DEFAULT NULL,
  `created_at` timestamp NULL DEFAULT NULL,
  `updated_at` timestamp NULL DEFAULT NULL
) ENGINE=InnoDB DEFAULT CHARSET=utf8mb4 COLLATE=utf8mb4_unicode_ci;

-- --------------------------------------------------------

--
-- Table structure for table `pekerjaan`
--

CREATE TABLE `pekerjaan` (
  `id` int(10) UNSIGNED NOT NULL,
  `nama` varchar(191) COLLATE utf8mb4_unicode_ci NOT NULL,
  `created_at` timestamp NULL DEFAULT NULL,
  `updated_at` timestamp NULL DEFAULT NULL
) ENGINE=InnoDB DEFAULT CHARSET=utf8mb4 COLLATE=utf8mb4_unicode_ci;

-- --------------------------------------------------------

--
-- Table structure for table `pekerjaan_penduduk`
--

CREATE TABLE `pekerjaan_penduduk` (
  `id` int(10) UNSIGNED NOT NULL,
  `penduduk_id` int(10) UNSIGNED NOT NULL,
  `pekerjaan_id` int(10) UNSIGNED NOT NULL,
  `penghasilan` int(11) DEFAULT NULL,
  `created_at` timestamp NULL DEFAULT NULL,
  `updated_at` timestamp NULL DEFAULT NULL
) ENGINE=InnoDB DEFAULT CHARSET=utf8mb4 COLLATE=utf8mb4_unicode_ci;

-- --------------------------------------------------------

--
-- Table structure for table `pendidikan_penduduk`
--

CREATE TABLE `pendidikan_penduduk` (
  `id` int(10) UNSIGNED NOT NULL,
  `jenjang_id` int(10) UNSIGNED NOT NULL,
  `penduduk_id` int(10) UNSIGNED NOT NULL,
  `nama_institusi` varchar(191) COLLATE utf8mb4_unicode_ci DEFAULT NULL,
  `tahun_mulai` int(11) DEFAULT NULL,
  `tahun_selesai` int(11) DEFAULT NULL,
  `created_at` timestamp NULL DEFAULT NULL,
  `updated_at` timestamp NULL DEFAULT NULL
) ENGINE=InnoDB DEFAULT CHARSET=utf8mb4 COLLATE=utf8mb4_unicode_ci;

-- --------------------------------------------------------

--
-- Table structure for table `penduduk`
--

CREATE TABLE `penduduk` (
  `id` int(10) UNSIGNED NOT NULL,
  `kartu_keluarga_id` int(10) UNSIGNED NOT NULL,
  `nik` varchar(191) COLLATE utf8mb4_unicode_ci NOT NULL,
  `nama` varchar(191) COLLATE utf8mb4_unicode_ci NOT NULL,
  `tempat_lahir` varchar(191) COLLATE utf8mb4_unicode_ci NOT NULL,
  `tanggal_lahir` date NOT NULL,
  `tanggal_meninggal` date DEFAULT NULL,
  `jenis_kelamin` int(11) NOT NULL,
  `kewarganegaraan` int(11) DEFAULT NULL,
  `photo` varchar(191) COLLATE utf8mb4_unicode_ci DEFAULT NULL,
  `status_perkawinan_id` int(10) UNSIGNED NOT NULL,
  `status_penduduk_id` int(10) UNSIGNED NOT NULL,
  `agama_id` int(10) UNSIGNED NOT NULL,
  `hubungan_keluarga_id` int(10) UNSIGNED NOT NULL,
  `ayah_id` int(10) UNSIGNED NOT NULL,
  `ibu_id` int(10) UNSIGNED NOT NULL,
  `created_at` timestamp NULL DEFAULT NULL,
  `updated_at` timestamp NULL DEFAULT NULL
) ENGINE=InnoDB DEFAULT CHARSET=utf8mb4 COLLATE=utf8mb4_unicode_ci;

-- --------------------------------------------------------

--
-- Table structure for table `permissions`
--

CREATE TABLE `permissions` (
  `id` int(10) UNSIGNED NOT NULL,
  `name` varchar(191) COLLATE utf8mb4_unicode_ci NOT NULL,
  `guard_name` varchar(191) COLLATE utf8mb4_unicode_ci NOT NULL,
  `created_at` timestamp NULL DEFAULT NULL,
  `updated_at` timestamp NULL DEFAULT NULL
) ENGINE=InnoDB DEFAULT CHARSET=utf8mb4 COLLATE=utf8mb4_unicode_ci;

--
-- Dumping data for table `permissions`
--

INSERT INTO `permissions` (`id`, `name`, `guard_name`, `created_at`, `updated_at`) VALUES
(1, 'user_manage', 'web', '2018-05-23 17:32:16', '2018-05-23 17:32:16');

-- --------------------------------------------------------

--
-- Table structure for table `roles`
--

CREATE TABLE `roles` (
  `id` int(10) UNSIGNED NOT NULL,
  `name` varchar(191) COLLATE utf8mb4_unicode_ci NOT NULL,
  `guard_name` varchar(191) COLLATE utf8mb4_unicode_ci NOT NULL,
  `created_at` timestamp NULL DEFAULT NULL,
  `updated_at` timestamp NULL DEFAULT NULL
) ENGINE=InnoDB DEFAULT CHARSET=utf8mb4 COLLATE=utf8mb4_unicode_ci;

--
-- Dumping data for table `roles`
--

INSERT INTO `roles` (`id`, `name`, `guard_name`, `created_at`, `updated_at`) VALUES
(1, 'administrator', 'web', '2018-05-23 17:32:16', '2018-05-23 17:32:16');

-- --------------------------------------------------------

--
-- Table structure for table `role_has_permissions`
--

CREATE TABLE `role_has_permissions` (
  `permission_id` int(10) UNSIGNED NOT NULL,
  `role_id` int(10) UNSIGNED NOT NULL
) ENGINE=InnoDB DEFAULT CHARSET=utf8mb4 COLLATE=utf8mb4_unicode_ci;

--
-- Dumping data for table `role_has_permissions`
--

INSERT INTO `role_has_permissions` (`permission_id`, `role_id`) VALUES
(1, 1);

-- --------------------------------------------------------

--
-- Table structure for table `sarana`
--

CREATE TABLE `sarana` (
  `id` int(10) UNSIGNED NOT NULL,
  `nagari_id` int(10) UNSIGNED NOT NULL,
  `nama` varchar(191) COLLATE utf8mb4_unicode_ci NOT NULL,
  `keterangan` text COLLATE utf8mb4_unicode_ci NOT NULL,
  `tahun_bangun` int(11) NOT NULL,
  `foto` varchar(191) COLLATE utf8mb4_unicode_ci DEFAULT NULL,
  `created_at` timestamp NULL DEFAULT NULL,
  `updated_at` timestamp NULL DEFAULT NULL
) ENGINE=InnoDB DEFAULT CHARSET=utf8mb4 COLLATE=utf8mb4_unicode_ci;

-- --------------------------------------------------------

--
-- Table structure for table `status_penduduk`
--

CREATE TABLE `status_penduduk` (
  `id` int(10) UNSIGNED NOT NULL,
  `nama` varchar(191) COLLATE utf8mb4_unicode_ci NOT NULL,
  `created_at` timestamp NULL DEFAULT NULL,
  `updated_at` timestamp NULL DEFAULT NULL
) ENGINE=InnoDB DEFAULT CHARSET=utf8mb4 COLLATE=utf8mb4_unicode_ci;

-- --------------------------------------------------------

--
-- Table structure for table `status_perkawinan`
--

CREATE TABLE `status_perkawinan` (
  `id` int(10) UNSIGNED NOT NULL,
  `nama` varchar(191) COLLATE utf8mb4_unicode_ci NOT NULL,
  `created_at` timestamp NULL DEFAULT NULL,
  `updated_at` timestamp NULL DEFAULT NULL
) ENGINE=InnoDB DEFAULT CHARSET=utf8mb4 COLLATE=utf8mb4_unicode_ci;

-- --------------------------------------------------------

--
-- Table structure for table `users`
--

CREATE TABLE `users` (
  `id` int(10) UNSIGNED NOT NULL,
  `name` varchar(191) COLLATE utf8mb4_unicode_ci NOT NULL,
  `username` varchar(191) COLLATE utf8mb4_unicode_ci NOT NULL,
  `email` varchar(191) COLLATE utf8mb4_unicode_ci NOT NULL,
  `password` varchar(191) COLLATE utf8mb4_unicode_ci NOT NULL,
  `type` int(11) NOT NULL,
  `status` int(11) NOT NULL DEFAULT '1',
  `avatar` varchar(191) COLLATE utf8mb4_unicode_ci DEFAULT NULL,
  `first_login` int(11) NOT NULL DEFAULT '1',
  `remember_token` varchar(100) COLLATE utf8mb4_unicode_ci DEFAULT NULL,
  `created_at` timestamp NULL DEFAULT NULL,
  `updated_at` timestamp NULL DEFAULT NULL
) ENGINE=InnoDB DEFAULT CHARSET=utf8mb4 COLLATE=utf8mb4_unicode_ci;

--
-- Dumping data for table `users`
--

INSERT INTO `users` (`id`, `name`, `username`, `email`, `password`, `type`, `status`, `avatar`, `first_login`, `remember_token`, `created_at`, `updated_at`) VALUES
(1, 'Administrator', 'admin', 'admin@gmail.com', '$2y$10$nHxecefZ.7agEsutPj3ZIOfqHUbQ06L8lg4tCOZ6IUkcn9o0pRgT2', 3, 1, NULL, 1, NULL, '2018-05-23 17:32:16', '2018-05-23 17:32:16'),
(2, 'ariq naufal', 'ariqnaufaal', 'ariq.naufal29@gmail.com', '$2y$10$emZ.p40/rJeOJiytpEkFLeCB8zeSHjSnMsViwYkloyKq4c8RZ5KR6', 3, 1, NULL, 1, NULL, '2018-05-23 17:35:42', '2018-05-23 17:36:17');

--
-- Indexes for dumped tables
--

--
-- Indexes for table `agama`
--
ALTER TABLE `agama`
  ADD PRIMARY KEY (`id`);

--
-- Indexes for table `berita`
--
ALTER TABLE `berita`
  ADD PRIMARY KEY (`id`),
  ADD KEY `berita_nagari_id_foreign` (`nagari_id`);

--
-- Indexes for table `hubungan_keluarga`
--
ALTER TABLE `hubungan_keluarga`
  ADD PRIMARY KEY (`id`);

--
-- Indexes for table `jabatan`
--
ALTER TABLE `jabatan`
  ADD PRIMARY KEY (`id`);

--
-- Indexes for table `jenjang_pendidikan`
--
ALTER TABLE `jenjang_pendidikan`
  ADD PRIMARY KEY (`id`);

--
-- Indexes for table `jorong`
--
ALTER TABLE `jorong`
  ADD PRIMARY KEY (`id`),
  ADD KEY `jorong_nagari_id_foreign` (`nagari_id`);

--
-- Indexes for table `kartu_keluarga`
--
ALTER TABLE `kartu_keluarga`
  ADD PRIMARY KEY (`id`),
  ADD KEY `kartu_keluarga_jorong_id_foreign` (`jorong_id`);

--
-- Indexes for table `migrations`
--
ALTER TABLE `migrations`
  ADD PRIMARY KEY (`id`);

--
-- Indexes for table `model_has_permissions`
--
ALTER TABLE `model_has_permissions`
  ADD PRIMARY KEY (`permission_id`,`model_id`,`model_type`),
  ADD KEY `model_has_permissions_model_type_model_id_index` (`model_type`,`model_id`);

--
-- Indexes for table `model_has_roles`
--
ALTER TABLE `model_has_roles`
  ADD PRIMARY KEY (`role_id`,`model_id`,`model_type`),
  ADD KEY `model_has_roles_model_type_model_id_index` (`model_type`,`model_id`);

--
-- Indexes for table `nagari`
--
ALTER TABLE `nagari`
  ADD PRIMARY KEY (`id`);

--
-- Indexes for table `password_resets`
--
ALTER TABLE `password_resets`
  ADD KEY `password_resets_email_index` (`email`);

--
-- Indexes for table `pejabat`
--
ALTER TABLE `pejabat`
  ADD PRIMARY KEY (`id`);

--
-- Indexes for table `pekerjaan`
--
ALTER TABLE `pekerjaan`
  ADD PRIMARY KEY (`id`);

--
-- Indexes for table `pekerjaan_penduduk`
--
ALTER TABLE `pekerjaan_penduduk`
  ADD PRIMARY KEY (`id`),
  ADD KEY `pekerjaan_penduduk_penduduk_id_foreign` (`penduduk_id`),
  ADD KEY `pekerjaan_penduduk_pekerjaan_id_foreign` (`pekerjaan_id`);

--
-- Indexes for table `pendidikan_penduduk`
--
ALTER TABLE `pendidikan_penduduk`
  ADD PRIMARY KEY (`id`),
  ADD KEY `pendidikan_penduduk_jenjang_id_foreign` (`jenjang_id`),
  ADD KEY `pendidikan_penduduk_penduduk_id_foreign` (`penduduk_id`);

--
-- Indexes for table `penduduk`
--
ALTER TABLE `penduduk`
  ADD PRIMARY KEY (`id`),
  ADD KEY `penduduk_kartu_keluarga_id_foreign` (`kartu_keluarga_id`),
  ADD KEY `penduduk_status_penduduk_id_foreign` (`status_penduduk_id`),
  ADD KEY `penduduk_status_perkawinan_id_foreign` (`status_perkawinan_id`),
  ADD KEY `penduduk_agama_id_foreign` (`agama_id`),
  ADD KEY `penduduk_hubungan_keluarga_id_foreign` (`hubungan_keluarga_id`),
  ADD KEY `penduduk_ayah_id_foreign` (`ayah_id`),
  ADD KEY `penduduk_ibu_id_foreign` (`ibu_id`);

--
-- Indexes for table `permissions`
--
ALTER TABLE `permissions`
  ADD PRIMARY KEY (`id`);

--
-- Indexes for table `roles`
--
ALTER TABLE `roles`
  ADD PRIMARY KEY (`id`);

--
-- Indexes for table `role_has_permissions`
--
ALTER TABLE `role_has_permissions`
  ADD PRIMARY KEY (`permission_id`,`role_id`),
  ADD KEY `role_has_permissions_role_id_foreign` (`role_id`);

--
-- Indexes for table `sarana`
--
ALTER TABLE `sarana`
  ADD PRIMARY KEY (`id`),
  ADD KEY `sarana_nagari_id_foreign` (`nagari_id`);

--
-- Indexes for table `status_penduduk`
--
ALTER TABLE `status_penduduk`
  ADD PRIMARY KEY (`id`);

--
-- Indexes for table `status_perkawinan`
--
ALTER TABLE `status_perkawinan`
  ADD PRIMARY KEY (`id`);

--
-- Indexes for table `users`
--
ALTER TABLE `users`
  ADD PRIMARY KEY (`id`),
  ADD UNIQUE KEY `users_username_unique` (`username`);

--
-- AUTO_INCREMENT for dumped tables
--

--
-- AUTO_INCREMENT for table `agama`
--
ALTER TABLE `agama`
  MODIFY `id` int(10) UNSIGNED NOT NULL AUTO_INCREMENT;

--
-- AUTO_INCREMENT for table `berita`
--
ALTER TABLE `berita`
  MODIFY `id` int(10) UNSIGNED NOT NULL AUTO_INCREMENT;

--
-- AUTO_INCREMENT for table `hubungan_keluarga`
--
ALTER TABLE `hubungan_keluarga`
  MODIFY `id` int(10) UNSIGNED NOT NULL AUTO_INCREMENT;

--
-- AUTO_INCREMENT for table `jabatan`
--
ALTER TABLE `jabatan`
  MODIFY `id` int(10) UNSIGNED NOT NULL AUTO_INCREMENT;

--
-- AUTO_INCREMENT for table `jenjang_pendidikan`
--
ALTER TABLE `jenjang_pendidikan`
  MODIFY `id` int(10) UNSIGNED NOT NULL AUTO_INCREMENT;

--
-- AUTO_INCREMENT for table `jorong`
--
ALTER TABLE `jorong`
  MODIFY `id` int(10) UNSIGNED NOT NULL AUTO_INCREMENT, AUTO_INCREMENT=16;

--
-- AUTO_INCREMENT for table `kartu_keluarga`
--
ALTER TABLE `kartu_keluarga`
  MODIFY `id` int(10) UNSIGNED NOT NULL AUTO_INCREMENT;

--
-- AUTO_INCREMENT for table `migrations`
--
ALTER TABLE `migrations`
  MODIFY `id` int(10) UNSIGNED NOT NULL AUTO_INCREMENT, AUTO_INCREMENT=20;

--
-- AUTO_INCREMENT for table `nagari`
--
ALTER TABLE `nagari`
  MODIFY `id` int(10) UNSIGNED NOT NULL AUTO_INCREMENT, AUTO_INCREMENT=3;

--
-- AUTO_INCREMENT for table `pejabat`
--
ALTER TABLE `pejabat`
  MODIFY `id` int(10) UNSIGNED NOT NULL AUTO_INCREMENT;

--
-- AUTO_INCREMENT for table `pekerjaan`
--
ALTER TABLE `pekerjaan`
  MODIFY `id` int(10) UNSIGNED NOT NULL AUTO_INCREMENT;

--
-- AUTO_INCREMENT for table `pekerjaan_penduduk`
--
ALTER TABLE `pekerjaan_penduduk`
  MODIFY `id` int(10) UNSIGNED NOT NULL AUTO_INCREMENT;

--
-- AUTO_INCREMENT for table `pendidikan_penduduk`
--
ALTER TABLE `pendidikan_penduduk`
  MODIFY `id` int(10) UNSIGNED NOT NULL AUTO_INCREMENT;

--
-- AUTO_INCREMENT for table `penduduk`
--
ALTER TABLE `penduduk`
  MODIFY `id` int(10) UNSIGNED NOT NULL AUTO_INCREMENT;

--
-- AUTO_INCREMENT for table `permissions`
--
ALTER TABLE `permissions`
  MODIFY `id` int(10) UNSIGNED NOT NULL AUTO_INCREMENT, AUTO_INCREMENT=2;

--
-- AUTO_INCREMENT for table `roles`
--
ALTER TABLE `roles`
  MODIFY `id` int(10) UNSIGNED NOT NULL AUTO_INCREMENT, AUTO_INCREMENT=2;

--
-- AUTO_INCREMENT for table `sarana`
--
ALTER TABLE `sarana`
  MODIFY `id` int(10) UNSIGNED NOT NULL AUTO_INCREMENT;

--
-- AUTO_INCREMENT for table `status_penduduk`
--
ALTER TABLE `status_penduduk`
  MODIFY `id` int(10) UNSIGNED NOT NULL AUTO_INCREMENT;

--
-- AUTO_INCREMENT for table `status_perkawinan`
--
ALTER TABLE `status_perkawinan`
  MODIFY `id` int(10) UNSIGNED NOT NULL AUTO_INCREMENT;

--
-- AUTO_INCREMENT for table `users`
--
ALTER TABLE `users`
  MODIFY `id` int(10) UNSIGNED NOT NULL AUTO_INCREMENT, AUTO_INCREMENT=3;

--
-- Constraints for dumped tables
--

--
-- Constraints for table `berita`
--
ALTER TABLE `berita`
  ADD CONSTRAINT `berita_nagari_id_foreign` FOREIGN KEY (`nagari_id`) REFERENCES `nagari` (`id`);

--
-- Constraints for table `jorong`
--
ALTER TABLE `jorong`
  ADD CONSTRAINT `jorong_nagari_id_foreign` FOREIGN KEY (`nagari_id`) REFERENCES `nagari` (`id`) ON DELETE CASCADE;

--
-- Constraints for table `kartu_keluarga`
--
ALTER TABLE `kartu_keluarga`
  ADD CONSTRAINT `kartu_keluarga_jorong_id_foreign` FOREIGN KEY (`jorong_id`) REFERENCES `jorong` (`id`);

--
-- Constraints for table `model_has_permissions`
--
ALTER TABLE `model_has_permissions`
  ADD CONSTRAINT `model_has_permissions_permission_id_foreign` FOREIGN KEY (`permission_id`) REFERENCES `permissions` (`id`) ON DELETE CASCADE;

--
-- Constraints for table `model_has_roles`
--
ALTER TABLE `model_has_roles`
  ADD CONSTRAINT `model_has_roles_role_id_foreign` FOREIGN KEY (`role_id`) REFERENCES `roles` (`id`) ON DELETE CASCADE;

--
-- Constraints for table `pekerjaan_penduduk`
--
ALTER TABLE `pekerjaan_penduduk`
  ADD CONSTRAINT `pekerjaan_penduduk_pekerjaan_id_foreign` FOREIGN KEY (`pekerjaan_id`) REFERENCES `pekerjaan` (`id`),
  ADD CONSTRAINT `pekerjaan_penduduk_penduduk_id_foreign` FOREIGN KEY (`penduduk_id`) REFERENCES `penduduk` (`id`);

--
-- Constraints for table `pendidikan_penduduk`
--
ALTER TABLE `pendidikan_penduduk`
  ADD CONSTRAINT `pendidikan_penduduk_jenjang_id_foreign` FOREIGN KEY (`jenjang_id`) REFERENCES `jenjang_pendidikan` (`id`),
  ADD CONSTRAINT `pendidikan_penduduk_penduduk_id_foreign` FOREIGN KEY (`penduduk_id`) REFERENCES `penduduk` (`id`);

--
-- Constraints for table `penduduk`
--
ALTER TABLE `penduduk`
  ADD CONSTRAINT `penduduk_agama_id_foreign` FOREIGN KEY (`agama_id`) REFERENCES `agama` (`id`),
  ADD CONSTRAINT `penduduk_ayah_id_foreign` FOREIGN KEY (`ayah_id`) REFERENCES `penduduk` (`id`),
  ADD CONSTRAINT `penduduk_hubungan_keluarga_id_foreign` FOREIGN KEY (`hubungan_keluarga_id`) REFERENCES `hubungan_keluarga` (`id`),
  ADD CONSTRAINT `penduduk_ibu_id_foreign` FOREIGN KEY (`ibu_id`) REFERENCES `penduduk` (`id`),
  ADD CONSTRAINT `penduduk_kartu_keluarga_id_foreign` FOREIGN KEY (`kartu_keluarga_id`) REFERENCES `kartu_keluarga` (`id`),
  ADD CONSTRAINT `penduduk_status_penduduk_id_foreign` FOREIGN KEY (`status_penduduk_id`) REFERENCES `status_penduduk` (`id`),
  ADD CONSTRAINT `penduduk_status_perkawinan_id_foreign` FOREIGN KEY (`status_perkawinan_id`) REFERENCES `status_perkawinan` (`id`);

--
-- Constraints for table `role_has_permissions`
--
ALTER TABLE `role_has_permissions`
  ADD CONSTRAINT `role_has_permissions_permission_id_foreign` FOREIGN KEY (`permission_id`) REFERENCES `permissions` (`id`) ON DELETE CASCADE,
  ADD CONSTRAINT `role_has_permissions_role_id_foreign` FOREIGN KEY (`role_id`) REFERENCES `roles` (`id`) ON DELETE CASCADE;

--
-- Constraints for table `sarana`
--
ALTER TABLE `sarana`
  ADD CONSTRAINT `sarana_nagari_id_foreign` FOREIGN KEY (`nagari_id`) REFERENCES `nagari` (`id`);
COMMIT;

/*!40101 SET CHARACTER_SET_CLIENT=@OLD_CHARACTER_SET_CLIENT */;
/*!40101 SET CHARACTER_SET_RESULTS=@OLD_CHARACTER_SET_RESULTS */;
/*!40101 SET COLLATION_CONNECTION=@OLD_COLLATION_CONNECTION */;
